color_r_mean,color_r_std,color_g_mean,color_g_std,color_b_mean,color_b_std,color_hist_bin_0,color_hist_bin_1,color_hist_bin_2,color_hist_bin_3,color_hist_bin_4,color_hist_bin_5,color_hist_bin_6,color_hist_bin_7,depth_mean,depth_std,depth_valid_ratio,thermal_mean,thermal_std,thermal_max
0.4359190762042999,0.11880376935005188,0.43671178817749023,0.11363686621189117,0.4463208317756653,0.10904018580913544,146,2934,10867,20497,13598,2119,14,1,0.3177388608455658,0.2353733479976654,0.8680644132653061,0.5637759566307068,0.14761461317539215,1.0
0.45137202739715576,0.1370609998703003,0.44602927565574646,0.1398443728685379,0.4469844400882721,0.13710170984268188,6,2507,15114,14470,11880,5867,328,4,0.3183722496032715,0.23435695469379425,0.890983737244898,0.4049099385738373,0.14869479835033417,1.0
0.42797330021858215,0.15013374388217926,0.4306618869304657,0.14172840118408203,0.4382915794849396,0.12275371700525284,0,2302,19631,11265,11235,5690,53,0,0.4066215753555298,0.2327185422182083,0.9283920599489796,0.46597710251808167,0.2306676059961319,1.0
0.43924254179000854,0.15348345041275024,0.45346054434776306,0.17329135537147522,0.4617645740509033,0.17310525476932526,46,4168,13530,15345,11235,3053,1234,1565,0.31986168026924133,0.2313869148492813,0.8150111607142857,0.680051863193512,0.15557809174060822,1.0
0.4409114718437195,0.14372092485427856,0.4411149322986603,0.15375804901123047,0.443207323551178,0.14793239533901215,3,3395,14857,15533,11633,3523,106,1126,0.319611132144928,0.23510585725307465,0.8517817283163265,0.6535817384719849,0.1301996409893036,1.0
0.45860227942466736,0.11805684119462967,0.4603973627090454,0.11040220409631729,0.4601903557777405,0.10689673572778702,1052,2444,3970,22136,20030,447,97,0,0.30546319484710693,0.21478013694286346,0.8698979591836735,0.7122825384140015,0.12673527002334595,1.0
0.4432675242424011,0.12350037693977356,0.4409213066101074,0.11688225716352463,0.44366732239723206,0.11342628300189972,59,3392,10590,18906,15054,2166,9,0,0.28202831745147705,0.1659223437309265,0.9425422512755102,0.5487251877784729,0.17908591032028198,1.0
0.436615526676178,0.12359712272882462,0.4376201927661896,0.11463553458452225,0.4390574097633362,0.10670951008796692,0,1211,15857,18064,11847,3159,38,0,0.2718380093574524,0.14716465771198273,0.9212771045918368,0.37514105439186096,0.18272393941879272,1.0
0.4589066505432129,0.13998115062713623,0.4563519358634949,0.1371496617794037,0.4539564549922943,0.1368604451417923,43,4256,11564,12217,16702,5307,87,0,0.3153429329395294,0.22085535526275635,0.9041972257653061,0.6544994711875916,0.12618958950042725,1.0
0.46336862444877625,0.13788306713104248,0.46036195755004883,0.13358329236507416,0.4569064676761627,0.13154958188533783,100,4441,9662,12195,19777,3987,14,0,0.31137585639953613,0.21660330891609192,0.9118104272959183,0.6828162670135498,0.130488783121109,1.0
0.45914793014526367,0.1074657142162323,0.46017923951148987,0.10051263123750687,0.4626491963863373,0.09682001918554306,890,1627,4458,23666,19137,392,6,0,0.31127867102622986,0.22092360258102417,0.8691605548469388,0.6569179892539978,0.09492965042591095,1.0
0.44719743728637695,0.13363999128341675,0.44525742530822754,0.1334039717912674,0.4385491907596588,0.13111907243728638,9,3086,13416,17060,10803,5723,79,0,0.32453489303588867,0.23375791311264038,0.9106345663265306,0.5503400564193726,0.19410362839698792,1.0
0.4611690640449524,0.12186533212661743,0.46558329463005066,0.11787374317646027,0.4714006781578064,0.12017486989498138,1089,2503,3809,20377,21187,739,467,5,0.30983060598373413,0.21954816579818726,0.8501873405612245,0.698890745639801,0.1302354782819748,1.0
0.4238147735595703,0.14170148968696594,0.4283239543437958,0.13355295360088348,0.43528154492378235,0.1193016767501831,0,4807,14618,12080,16573,2072,8,18,0.26384812593460083,0.14834535121917725,0.9172313456632653,0.4856420159339905,0.19210092723369598,1.0
0.4458215534687042,0.11258087307214737,0.45056217908859253,0.10500501096248627,0.4490434229373932,0.09698549658060074,0,59,12901,24858,8446,3396,507,9,0.2586957514286041,0.1461586058139801,0.9385363520408163,0.2998672127723694,0.1572347730398178,1.0
0.4479359984397888,0.14098480343818665,0.44321760535240173,0.14201363921165466,0.4442978799343109,0.137574702501297,9,3077,15194,13725,12106,5765,269,31,0.32100340723991394,0.23380622267723083,0.8938137755102041,0.41377267241477966,0.15285718441009521,1.0
0.4575805366039276,0.10650105774402618,0.45727869868278503,0.10060132294893265,0.45931190252304077,0.09741898626089096,781,1845,4430,24397,18349,370,4,0,0.31037378311157227,0.21143926680088043,0.8907844387755102,0.6268536448478699,0.09948328882455826,1.0
0.4591023921966553,0.10727670043706894,0.46276116371154785,0.10053486377000809,0.46715840697288513,0.0974646657705307,795,1624,4549,22923,19766,488,31,0,0.3067767918109894,0.21843911707401276,0.8511041135204082,0.6520185470581055,0.09529030323028564,1.0
0.43674421310424805,0.1379598081111908,0.4372642934322357,0.1246931329369545,0.440509170293808,0.11821633577346802,0,2731,15063,15019,13782,3525,56,0,0.264065682888031,0.14606790244579315,0.9555564413265306,0.4345477819442749,0.164197638630867,1.0
0.4584178626537323,0.12757565081119537,0.4563378393650055,0.11958595365285873,0.45474040508270264,0.11404398828744888,369,4305,5023,18444,21224,809,2,0,0.3094325661659241,0.21701385080814362,0.8981186224489796,0.6373641490936279,0.13026736676692963,1.0
0.43493732810020447,0.1381489485502243,0.43969887495040894,0.1273183524608612,0.44468891620635986,0.1118016242980957,0,298,18427,18448,7135,5059,807,2,0.4563275873661041,0.263645201921463,0.9429408482142857,0.36617511510849,0.19158776104450226,1.0
0.4152470529079437,0.148678258061409,0.42216747999191284,0.1705673485994339,0.42667505145072937,0.16980357468128204,40,5846,16043,14891,9390,1629,875,1462,0.32341644167900085,0.236164852976799,0.8268295599489796,0.6932575702667236,0.1450396329164505,1.0
0.4399336874485016,0.12366486340761185,0.4388313293457031,0.11835122853517532,0.4404980540275574,0.1126023381948471,0,3173,12051,18093,14258,2578,23,0,0.27969008684158325,0.16681772470474243,0.9070671237244898,0.4835403263568878,0.17578081786632538,1.0
0.4592972695827484,0.14373347163200378,0.45793187618255615,0.13542626798152924,0.4605875611305237,0.13025125861167908,520,5709,4237,15916,21084,2710,0,0,0.30142125487327576,0.2038060873746872,0.9244260204081632,0.46410977840423584,0.1786431074142456,1.0
0.48313793540000916,0.07258540391921997,0.4900134205818176,0.06707295775413513,0.48609140515327454,0.06863121688365936,0,0,1249,30180,16711,1934,102,0,0.5042537450790405,0.27451446652412415,0.9360849808673469,0.34713512659072876,0.10513316839933395,1.0
0.4252657890319824,0.14144210517406464,0.42888641357421875,0.13181450963020325,0.4341869056224823,0.11906295269727707,0,4930,13818,12700,16807,1921,0,0,0.2672320306301117,0.14944978058338165,0.9248644770408163,0.4966367483139038,0.19798225164413452,1.0
0.45406123995780945,0.14424245059490204,0.4533941447734833,0.13585945963859558,0.45666971802711487,0.1304970383644104,447,6013,4575,16354,20226,2561,0,0,0.300552099943161,0.20255370438098907,0.9151187818877551,0.4637880027294159,0.18259544670581818,1.0
0.4606792628765106,0.1204344779253006,0.4637378454208374,0.11415886133909225,0.4679715037345886,0.11379510164260864,1086,2432,3830,20766,21161,632,269,0,0.30752938985824585,0.21695709228515625,0.8599728954081632,0.6929670572280884,0.11979807913303375,1.0
0.4607408344745636,0.11706382781267166,0.46166494488716125,0.10934115201234818,0.4603869915008545,0.10506629943847656,1048,2323,3911,22013,20356,454,71,0,0.31031739711761475,0.21626263856887817,0.8693000637755102,0.7047305703163147,0.12534405291080475,1.0
0.4568217396736145,0.12598226964473724,0.4608783721923828,0.11802644282579422,0.46704792976379395,0.11320856213569641,491,3286,5712,18989,19880,1818,0,0,0.2821331322193146,0.16532890498638153,0.953125,0.5530502200126648,0.19673573970794678,1.0
0.45023423433303833,0.12184929102659225,0.45348429679870605,0.11385594308376312,0.45563507080078125,0.11012295633554459,837,3310,4454,21703,19448,360,64,0,0.3071686625480652,0.2166890949010849,0.8708147321428571,0.7166017889976501,0.13510163128376007,1.0
0.42194974422454834,0.14940430223941803,0.42743441462516785,0.13648299872875214,0.43615415692329407,0.1261713206768036,13,6604,11477,12622,17512,1945,3,0,0.47128385305404663,0.25835734605789185,0.9368024553571429,0.5143755078315735,0.19160649180412292,1.0
0.4538860321044922,0.1285940706729889,0.45311686396598816,0.12247446924448013,0.4544201195240021,0.11834315955638885,247,4235,7080,17087,20224,1303,0,0,0.30825912952423096,0.21457625925540924,0.9098174426020408,0.5590012073516846,0.1868724673986435,1.0
0.4558750092983246,0.1399276852607727,0.4531823694705963,0.1368439793586731,0.45109161734580994,0.1360531449317932,44,4316,11959,12387,16111,5332,27,0,0.3164757192134857,0.22349557280540466,0.9067283163265306,0.6571781635284424,0.13183371722698212,1.0
0.45006370544433594,0.13124099373817444,0.454204261302948,0.12218973785638809,0.46047934889793396,0.1167604848742485,502,3944,6080,18744,19187,1719,0,0,0.2844584882259369,0.17032696306705475,0.9500358737244898,0.5268233418464661,0.1926165372133255,1.0
0.46516352891921997,0.13937409222126007,0.46288415789604187,0.13457231223583221,0.46006378531455994,0.13233846426010132,105,4577,9164,11984,20174,4131,41,0,0.3106827437877655,0.21779364347457886,0.8996332908163265,0.6593497395515442,0.13309641182422638,1.0
0.4419998526573181,0.15024857223033905,0.4462070167064667,0.16560623049736023,0.4518091678619385,0.159572035074234,3,3395,14895,15291,11236,3488,88,1780,0.32278451323509216,0.23370154201984406,0.8283641581632653,0.66622394323349,0.13467854261398315,1.0
0.45723116397857666,0.13279621303081512,0.4567844271659851,0.12577563524246216,0.45806971192359924,0.12069092690944672,334,4679,5751,16951,20794,1667,0,0,0.3119448721408844,0.21948271989822388,0.9086216517857143,0.523283064365387,0.182348370552063,1.0
0.4423874318599701,0.12904848158359528,0.4423619508743286,0.12167267501354218,0.4450232982635498,0.11706235259771347,654,4532,5565,20941,17821,663,0,0,0.3044258654117584,0.20856653153896332,0.8990951849489796,0.656822681427002,0.10946742445230484,1.0
0.4491127133369446,0.12118087708950043,0.4483100473880768,0.11569157987833023,0.4508702754974365,0.10445550084114075,0,577,14910,17775,13234,3670,10,0,0.2705119252204895,0.15939396619796753,0.9018455038265306,0.37067341804504395,0.1762893944978714,1.0
0.4160277843475342,0.15313175320625305,0.4218538999557495,0.14191089570522308,0.43499094247817993,0.12466638535261154,0,3005,20521,10266,11076,5257,51,0,0.45629921555519104,0.259806364774704,0.9374800701530612,0.4712226688861847,0.23202280700206757,1.0
0.475299209356308,0.14376403391361237,0.477164089679718,0.13413742184638977,0.4826502799987793,0.12861405313014984,210,4881,4212,13392,23259,4222,0,0,0.2946409285068512,0.1915968358516693,0.9318000637755102,0.5047178864479065,0.19889575242996216,1.0
0.46813520789146423,0.12512028217315674,0.4673626124858856,0.11714830994606018,0.4713493287563324,0.11165092885494232,0,1356,10983,14866,19301,3665,5,0,0.464498370885849,0.257325142621994,0.9547393176020408,0.43884846568107605,0.1285124272108078,1.0
0.4462122321128845,0.12471181899309158,0.44925642013549805,0.1183030977845192,0.4530549645423889,0.1140599474310875,172,3013,9382,19557,15242,2781,26,3,0.3172719478607178,0.23056039214134216,0.8843072385204082,0.5196316838264465,0.16307082772254944,1.0
0.465766042470932,0.10378658771514893,0.46744808554649353,0.09782098978757858,0.4691281318664551,0.09627082198858261,615,1496,4401,22709,20251,627,77,0,0.3102891743183136,0.22432586550712585,0.8392857142857143,0.5640612840652466,0.12433916330337524,1.0
0.44757717847824097,0.13736993074417114,0.4430556893348694,0.13831119239330292,0.44451195001602173,0.13375627994537354,3,2801,15037,14365,12285,5484,180,21,0.31770625710487366,0.23431286215782166,0.8856026785714286,0.40789052844047546,0.1486586630344391,1.0
0.46521711349487305,0.14881742000579834,0.46526676416397095,0.13929806649684906,0.468860924243927,0.13402609527111053,250,6523,3610,14144,22120,3529,0,0,0.29781731963157654,0.19523964822292328,0.9204201211734694,,,
0.45561420917510986,0.14117631316184998,0.45339927077293396,0.1409386396408081,0.45374220609664917,0.13964436948299408,5,2982,12863,15963,11210,6844,131,178,0.31604325771331787,0.23087674379348755,0.8878746811224489,0.6923210620880127,0.13106298446655273,1.0
0.448525995016098,0.13667982816696167,0.44408515095710754,0.1379975825548172,0.4453328251838684,0.13316710293293,4,2749,14907,14427,12436,5466,170,17,0.31978413462638855,0.23594535887241364,0.8905652104591837,0.4051198363304138,0.14707554876804352,1.0
0.4665720462799072,0.12267044931650162,0.46570706367492676,0.11544790863990784,0.46883687376976013,0.11010970175266266,2,1491,10641,15485,19413,3142,2,0,0.47439298033714294,0.2611684203147888,0.9546197385204082,0.5158272385597229,0.14153751730918884,1.0
